,win_rate,standard_error,mode,avg_length,n_wins,n_wins_base,n_draws,n_total,discrete_win_rate,length_controlled_winrate,lc_standard_error
anonymous-zephyr-7b-g-aqfl,13.631131099335864,1.047253465043884,community,1661,96,705,3,804,12.126865671641792,15.550791263931652,0.7145463688032783
anonymous-zephyr-7b-g-padll,14.065914203994833,1.0354249108693785,community,1783,100,702,3,805,12.608695652173912,14.8940816078022,0.6614429885940055
anonymous-zephyr-7b-g-lrml,13.213146856327812,1.0235371461713778,community,1651,98,705,2,805,12.298136645962732,14.78982555896462,0.6709171548621352
hfh4-zephyr-7b-g-dpo,11.993339034695854,0.989034138463522,community,1520,89,714,2,805,11.180124223602483,14.729136255453776,0.7145340150111057
anonymous-zephyr-7b-g-hinge,10.67046565107775,0.9387594697299144,community,1525,78,726,1,805,9.751552795031056,13.160775070251567,0.6784440250182271
anonymous-zephyr-7b-g-dpo,11.23350925873132,0.96944971833913,community,1665,82,722,1,805,10.248447204968944,12.81444616075436,0.6685456379333454
anonymous-zephyr-7b-g-cell,10.27331166506996,0.931958910565763,community,1549,75,728,2,805,9.440993788819876,12.265574871519656,0.6180510627393515
anonymous-zephyr-7b-g-dbaql,10.681090400689165,0.9228627149986316,community,1750,75,726,3,804,9.514925373134329,11.41470906133498,0.5688722772487039
anonymous-zephyr-7b-g-pfl,8.153399620695009,0.8294970146732581,community,1397,57,745,3,805,7.267080745341616,10.668114474965442,0.5732360696006792
